"Britannia Student Services",119,"https://avivgranot.github.io/boom-partners/BritanniaStudentServices-x-Boom/","Hey! ðŸ‘‹ Managing 119 listings is no joke! We built something at Boom that cuts guest messaging by 80%. Check out what we made for you: https://avivgranot.github.io/boom-partners/BritanniaStudentServices-x-Boom/","Britannia Student Services + Boom: Simplify Your 119 Listings","Hi there,

I came across Britannia Student Services and was impressed by your portfolio of 119 listings in the student accommodation space.

At Boom, we've built an AI-powered property management system specifically designed for operators like you. Our platform reduces guest messaging by 80% through smart automation and generates owner statements automatically.

I put together a personalized page showing how Boom could work for your business: https://avivgranot.github.io/boom-partners/BritanniaStudentServices-x-Boom/

Would love to chat about how we can help streamline your operations.

Best regards"
"Spare Crib",123,"https://avivgranot.github.io/boom-partners/SpareCrib-x-Boom/","Hi! ðŸ‘‹ Saw you're running 123 listings at Spare Crib - impressive! Our AI PMS cuts guest messaging by 80%. Made this for you: https://avivgranot.github.io/boom-partners/SpareCrib-x-Boom/","Spare Crib + Boom: Scale Your 123 Listings Effortlessly","Hi there,

I noticed Spare Crib is managing 123 listings - that's fantastic growth in the short-term rental space.

Boom's AI-powered PMS is built for operators at your scale. We automate 80% of guest communications and handle owner statements automatically, giving you time back to focus on growth.

I created a custom page for Spare Crib: https://avivgranot.github.io/boom-partners/SpareCrib-x-Boom/

Would you be open to a quick call to explore how we could help?

Best regards"
"Citygate Property Development",129,"https://avivgranot.github.io/boom-partners/CitygatePropertyDevelopment-x-Boom/","Hey! ðŸ‘‹ 129 listings at Citygate - amazing work! Boom's AI can handle 80% of your guest messaging automatically. See what we built for you: https://avivgranot.github.io/boom-partners/CitygatePropertyDevelopment-x-Boom/","Citygate Property Development + Boom: Automate Your 129 Listings","Hi there,

Citygate Property Development caught my attention with your impressive 129-listing portfolio.

We've developed Boom specifically for property managers who want to scale without adding headcount. Our AI handles 80% of guest messaging and automates owner reporting entirely.

Take a look at what we put together for Citygate: https://avivgranot.github.io/boom-partners/CitygatePropertyDevelopment-x-Boom/

I'd love to show you how we're helping similar operators save 20+ hours weekly.

Best regards"
"Red Kite",130,"https://avivgranot.github.io/boom-partners/RedKite-x-Boom/","Hi! ðŸ‘‹ Red Kite's 130 listings caught my eye! Our AI PMS cuts guest comms by 80% and automates owner statements. Check it out: https://avivgranot.github.io/boom-partners/RedKite-x-Boom/","Red Kite + Boom: Transform Your 130 Listing Operations","Hi there,

I've been following Red Kite's growth and your 130 listings represent real operational complexity.

Boom is an AI-powered PMS that eliminates 80% of guest messaging and fully automates owner statements. We built it for operators who want to grow without burning out.

Here's a personalized overview for Red Kite: https://avivgranot.github.io/boom-partners/RedKite-x-Boom/

Would love to explore how we could support your operations.

Best regards"
"Air Peace of Mind",133,"https://avivgranot.github.io/boom-partners/AirPeaceOfMind-x-Boom/","Hey! ðŸ‘‹ Love the name - Air Peace of Mind! With 133 listings, our AI could save you hours daily on guest messaging. See here: https://avivgranot.github.io/boom-partners/AirPeaceOfMind-x-Boom/","Air Peace of Mind + Boom: True Peace with 133 Listings","Hi there,

Air Peace of Mind - what a perfect name for property management! With 133 listings, you know the challenge of keeping guests happy.

Boom delivers actual peace of mind through AI that handles 80% of guest communications automatically. Plus, owner statements generate themselves.

I built this page just for you: https://avivgranot.github.io/boom-partners/AirPeaceOfMind-x-Boom/

Let's chat about bringing more peace to your operations!

Best regards"
"James & Co",133,"https://avivgranot.github.io/boom-partners/JamesCo-x-Boom/","Hi! ðŸ‘‹ James & Co's 133 listings show serious expertise! Boom's AI cuts guest messaging by 80%. Made this for your team: https://avivgranot.github.io/boom-partners/JamesCo-x-Boom/","James & Co + Boom: Streamline Your 133 Properties","Hi there,

James & Co's portfolio of 133 listings demonstrates real expertise in property management.

At Boom, we've built an AI-powered PMS that handles 80% of guest messaging and automates owner statements completely. It's designed for established operators ready to scale efficiently.

Check out what we created for James & Co: https://avivgranot.github.io/boom-partners/JamesCo-x-Boom/

I'd welcome the chance to discuss how we could support your growth.

Best regards"
"Ivy",134,"https://avivgranot.github.io/boom-partners/Ivy-x-Boom/","Hey! ðŸ‘‹ Ivy's 134 listings deserve smart automation! Boom's AI handles 80% of guest comms. Built this for you: https://avivgranot.github.io/boom-partners/Ivy-x-Boom/","Ivy + Boom: Elevate Your 134 Listing Portfolio","Hi there,

Ivy Collection's 134 listings represent a beautifully curated portfolio that deserves equally elegant operations.

Boom's AI-powered PMS reduces guest messaging by 80% while maintaining your brand's personal touch. Owner statements are fully automated too.

I put together something special for Ivy: https://avivgranot.github.io/boom-partners/Ivy-x-Boom/

Would love to show you how we help premium operators stay premium.

Best regards"
"LondonFlats DFM Ltd",134,"https://avivgranot.github.io/boom-partners/LondonFlatsDFMLtd-x-Boom/","Hi! ðŸ‘‹ 134 London listings is impressive! Boom's AI can cut your guest messaging by 80%. Check this out: https://avivgranot.github.io/boom-partners/LondonFlatsDFMLtd-x-Boom/","LondonFlats DFM + Boom: Automate Your 134 Properties","Hi there,

LondonFlats DFM's 134-listing portfolio in the competitive London market is truly impressive.

Boom was built for operators like you - our AI handles 80% of guest communications and automates owner statements, so you can focus on growth instead of admin.

Here's a custom page for your team: https://avivgranot.github.io/boom-partners/LondonFlatsDFMLtd-x-Boom/

Let's discuss how we can help streamline your London operations.

Best regards"
"Still Life Global Ltd.",137,"https://avivgranot.github.io/boom-partners/StillLifeGlobalLtd-x-Boom/","Hey! ðŸ‘‹ Still Life Global with 137 listings - love the brand! Our AI PMS cuts guest messaging by 80%. See what we made: https://avivgranot.github.io/boom-partners/StillLifeGlobalLtd-x-Boom/","Still Life Global + Boom: Simplify Your 137 Listings","Hi there,

Still Life Global's 137-listing portfolio shows real scale in the serviced accommodation space.

Boom's AI-powered platform reduces guest messaging by 80% and generates owner statements automatically. We help operators like you grow without adding operational burden.

I created this personalized page for Still Life: https://avivgranot.github.io/boom-partners/StillLifeGlobalLtd-x-Boom/

Would you be open to exploring how we could help?

Best regards"
"Host-UP",139,"https://avivgranot.github.io/boom-partners/Host-UP-x-Boom/","Hi! ðŸ‘‹ Host-UP's 139 listings need Host-UP-grade tools! Boom's AI cuts 80% of guest messaging. Check it: https://avivgranot.github.io/boom-partners/Host-UP-x-Boom/","Host-UP + Boom: Level Up Your 139 Listings","Hi there,

Host-UP with 139 listings - you're clearly doing things right in the hosting space!

Boom takes hosting up another level with AI that handles 80% of guest communications. Plus, owner statements are completely automated.

Here's what we built for Host-UP: https://avivgranot.github.io/boom-partners/Host-UP-x-Boom/

I'd love to show you how we're helping similar operators save hours daily.

Best regards"
"Extra Sr.l. and ItalianFlat Ltd",140,"https://avivgranot.github.io/boom-partners/ExtraSrlandItalianFlatLtd-x-Boom/","Hey! ðŸ‘‹ 140 listings across ItalianFlat - bellissimo! Boom's AI handles 80% of guest messaging automatically. See here: https://avivgranot.github.io/boom-partners/ExtraSrlandItalianFlatLtd-x-Boom/","ItalianFlat + Boom: Automate Your 140 Properties","Hi there,

ItalianFlat's 140-listing portfolio is impressive - bringing Italian hospitality to travelers worldwide.

Boom's AI-powered PMS can handle 80% of your guest communications while maintaining that personal touch. Owner statements generate automatically too.

Check out what we created for ItalianFlat: https://avivgranot.github.io/boom-partners/ExtraSrlandItalianFlatLtd-x-Boom/

Let's discuss how we can support your cross-border operations.

Best regards"
"Veevo Home",140,"https://avivgranot.github.io/boom-partners/VeevoHome-x-Boom/","Hi! ðŸ‘‹ Veevo Home's 140 luxury listings deserve smart automation! Boom's AI cuts guest comms by 80%. See: https://avivgranot.github.io/boom-partners/VeevoHome-x-Boom/","Veevo Home + Boom: Elevate Your 140 Luxury Listings","Hi there,

Veevo Home's 140 luxury listings represent exceptional standards in the hospitality space.

Boom's AI-powered PMS maintains your high-touch service while reducing guest messaging by 80%. Owner statements are fully automated, giving you time for what matters.

I built this page for Veevo: https://avivgranot.github.io/boom-partners/VeevoHome-x-Boom/

Would love to explore how we support luxury operators like you.

Best regards"
"ARO Apartments, ARO Management",141,"https://avivgranot.github.io/boom-partners/AROApartmentsAROManagement-x-Boom/","Hey! ðŸ‘‹ ARO's 141 listings show real expertise! Boom's AI can cut your guest messaging by 80%. Check this out: https://avivgranot.github.io/boom-partners/AROApartmentsAROManagement-x-Boom/","ARO Apartments + Boom: Streamline Your 141 Properties","Hi there,

ARO Apartments' portfolio of 141 listings demonstrates strong operational expertise.

Boom is built for management companies like ARO - our AI handles 80% of guest communications and automates owner statements entirely. Scale without adding staff.

Here's a personalized page for ARO: https://avivgranot.github.io/boom-partners/AROApartmentsAROManagement-x-Boom/

I'd welcome the opportunity to discuss how we could help.

Best regards"
"Inverness Properties Ltd",141,"https://avivgranot.github.io/boom-partners/InvernessPropertiesLtd-x-Boom/","Hi! ðŸ‘‹ Inverness Properties with 141 listings - impressive! Our AI PMS cuts guest messaging 80%. Made this for you: https://avivgranot.github.io/boom-partners/InvernessPropertiesLtd-x-Boom/","Inverness Properties + Boom: Automate Your 141 Listings","Hi there,

Inverness Properties' 141-listing portfolio is impressive, especially in the Scottish market.

Boom's AI-powered platform reduces guest messaging by 80% and handles owner statements automatically. We help regional operators compete with national players.

Check out what we created: https://avivgranot.github.io/boom-partners/InvernessPropertiesLtd-x-Boom/

Let's discuss how we can help streamline your operations.

Best regards"
"stay With Us manchester",142,"https://avivgranot.github.io/boom-partners/stayWithUsmanchester-x-Boom/","Hey! ðŸ‘‹ Stay With Us Manchester's 142 listings need smart tools! Boom's AI cuts 80% of guest messaging. See: https://avivgranot.github.io/boom-partners/stayWithUsmanchester-x-Boom/","Stay With Us Manchester + Boom: Scale Your 142 Listings","Hi there,

Stay With Us Manchester's 142 listings show you've mastered the Manchester short-term rental market.

Boom's AI-powered PMS can handle 80% of your guest communications and automate owner statements. Perfect for city-focused operators ready to scale.

I put this together for your team: https://avivgranot.github.io/boom-partners/stayWithUsmanchester-x-Boom/

Would love to chat about supporting your Manchester growth.

Best regards"
"Hostsmart",153,"https://avivgranot.github.io/boom-partners/Hostsmart-x-Boom/","Hi! ðŸ‘‹ Hostsmart with 153 listings - the name says it all! Make it even smarter with Boom's AI (80% less messaging): https://avivgranot.github.io/boom-partners/Hostsmart-x-Boom/","Hostsmart + Boom: Get Even Smarter with 153 Listings","Hi there,

Hostsmart - love the name, and 153 listings proves you live up to it!

Boom can make your operations even smarter with AI that handles 80% of guest messaging automatically. Owner statements are fully automated too.

Here's what smart looks like with Boom: https://avivgranot.github.io/boom-partners/Hostsmart-x-Boom/

Let's discuss taking Hostsmart to the next level.

Best regards"
"Host & Stay",154,"https://avivgranot.github.io/boom-partners/HostStay-x-Boom/","Hey! ðŸ‘‹ Host & Stay's 154 listings are impressive! Boom's AI cuts guest messaging by 80%. Built this for you: https://avivgranot.github.io/boom-partners/HostStay-x-Boom/","Host & Stay + Boom: Automate Your 154 Properties","Hi there,

Host & Stay's portfolio of 154 listings demonstrates real success in the property management space.

Boom's AI-powered PMS reduces guest messaging by 80% and automates owner statements completely. We help operators like you scale efficiently.

Check out this personalized page: https://avivgranot.github.io/boom-partners/HostStay-x-Boom/

I'd love to explore how we could support Host & Stay's growth.

Best regards"
"bv apartments",155,"https://avivgranot.github.io/boom-partners/bvapartments-x-Boom/","Hi! ðŸ‘‹ BV Apartments managing 155 listings - solid! Boom's AI handles 80% of guest comms automatically. See here: https://avivgranot.github.io/boom-partners/bvapartments-x-Boom/","BV Apartments + Boom: Streamline Your 155 Listings","Hi there,

BV Apartments' 155-listing portfolio shows strong expertise in the serviced accommodation market.

Boom is built for operators at your scale - our AI handles 80% of guest messaging and owner statements are fully automated. More growth, less admin.

I created this for BV Apartments: https://avivgranot.github.io/boom-partners/bvapartments-x-Boom/

Would you be open to a quick conversation about how we could help?

Best regards"
"Hinkley Homes",157,"https://avivgranot.github.io/boom-partners/HinkleyHomes-x-Boom/","Hey! ðŸ‘‹ Hinkley Homes with 157 listings - impressive scale! Our AI PMS cuts guest messaging 80%. Check it: https://avivgranot.github.io/boom-partners/HinkleyHomes-x-Boom/","Hinkley Homes + Boom: Simplify Your 157 Properties","Hi there,

Hinkley Homes' 157-listing portfolio represents significant operational complexity that deserves smart solutions.

Boom's AI-powered PMS reduces guest messaging by 80% and generates owner statements automatically. We help operators like you scale without burning out.

Here's what we built for Hinkley Homes: https://avivgranot.github.io/boom-partners/HinkleyHomes-x-Boom/

Let's discuss how we can support your operations.

Best regards"
"Hotelise",158,"https://avivgranot.github.io/boom-partners/Hotelise-x-Boom/","Hi! ðŸ‘‹ Hotelise with 158 listings knows hospitality! Boom's AI can cut your guest messaging by 80%. See: https://avivgranot.github.io/boom-partners/Hotelise-x-Boom/","Hotelise + Boom: Hotel-Grade Automation for 158 Listings","Hi there,

Hotelise's 158 listings show you understand what it takes to deliver hotel-quality experiences in short-term rentals.

Boom brings hotel-grade automation with AI that handles 80% of guest communications. Owner statements are completely automated too.

Check out this page for Hotelise: https://avivgranot.github.io/boom-partners/Hotelise-x-Boom/

Would love to explore how we can elevate your operations together.

Best regards"
"Prime Vision Living",159,"https://avivgranot.github.io/boom-partners/PrimeVisionLiving-x-Boom/","Hey! ðŸ‘‹ Prime Vision Living's 159 listings deserve prime tools! Boom's AI cuts 80% of guest messaging. See: https://avivgranot.github.io/boom-partners/PrimeVisionLiving-x-Boom/","Prime Vision Living + Boom: Automate Your 159 Listings","Hi there,

Prime Vision Living's portfolio of 159 listings shows you have a clear vision for property management success.

Boom aligns with that vision - our AI handles 80% of guest communications and automates owner statements. Focus on growth, not admin.

I created this for Prime Vision: https://avivgranot.github.io/boom-partners/PrimeVisionLiving-x-Boom/

Let's discuss how we can support your prime operations.

Best regards"
"Evergreen Property",173,"https://avivgranot.github.io/boom-partners/EvergreenProperty-x-Boom/","Hi! ðŸ‘‹ Evergreen Property's 173 listings show sustainable growth! Boom's AI cuts guest messaging 80%. Check it: https://avivgranot.github.io/boom-partners/EvergreenProperty-x-Boom/","Evergreen Property + Boom: Sustain Your 173 Listing Growth","Hi there,

Evergreen Property's 173 listings demonstrate sustainable, impressive growth in property management.

Boom helps keep that growth evergreen with AI that handles 80% of guest messaging. Owner statements are automated, so you can focus on scaling.

Here's what we built for Evergreen: https://avivgranot.github.io/boom-partners/EvergreenProperty-x-Boom/

Would love to discuss supporting your continued growth.

Best regards"
"UniFlx",175,"https://avivgranot.github.io/boom-partners/UniFlx-x-Boom/","Hey! ðŸ‘‹ UniFlx with 175 listings - flexible and growing! Boom's AI makes operations even more flexible (80% less messaging): https://avivgranot.github.io/boom-partners/UniFlx-x-Boom/","UniFlx + Boom: Ultimate Flexibility for 175 Listings","Hi there,

UniFlx's 175-listing portfolio shows you value flexibility in property management.

Boom adds even more flexibility with AI that handles 80% of guest communications automatically. Owner statements generate themselves too.

Check out what we created for UniFlx: https://avivgranot.github.io/boom-partners/UniFlx-x-Boom/

Let's explore how we can make your operations even more flexible.

Best regards"
"your apartment",175,"https://avivgranot.github.io/boom-partners/yourapartment-x-Boom/","Hi! ðŸ‘‹ Your Apartment's 175 listings deserve your attention on growth, not admin! Boom's AI cuts messaging 80%: https://avivgranot.github.io/boom-partners/yourapartment-x-Boom/","Your Apartment + Boom: Automate Your 175 Properties","Hi there,

Your Apartment's 175-listing portfolio is impressive, and deserves operational tools to match.

Boom's AI-powered PMS handles 80% of guest messaging and automates owner statements. Spend less time on admin, more time growing.

I put this together for Your Apartment: https://avivgranot.github.io/boom-partners/yourapartment-x-Boom/

Would love to chat about how we can support your operations.

Best regards"
"Birch Stays",176,"https://avivgranot.github.io/boom-partners/BirchStays-x-Boom/","Hey! ðŸ‘‹ Birch Stays managing 176 listings - that's real growth! Boom's AI cuts guest messaging 80%. See: https://avivgranot.github.io/boom-partners/BirchStays-x-Boom/","Birch Stays + Boom: Streamline Your 176 Listings","Hi there,

Birch Stays' 176 listings show strong, organic growth in the short-term rental space.

Boom helps that growth continue with AI that handles 80% of guest communications. Owner statements are fully automated too.

Here's a personalized page for Birch Stays: https://avivgranot.github.io/boom-partners/BirchStays-x-Boom/

Let's discuss how we can help you scale even further.

Best regards"
"SWEETSTAY",176,"https://avivgranot.github.io/boom-partners/SWEETSTAY-x-Boom/","Hi! ðŸ‘‹ SWEETSTAY's 176 listings deserve sweet automation! Boom's AI cuts 80% of guest messaging. Check it: https://avivgranot.github.io/boom-partners/SWEETSTAY-x-Boom/","SWEETSTAY + Boom: Sweet Automation for 176 Listings","Hi there,

SWEETSTAY's 176-listing portfolio is sweet indeed - showing real success in the hospitality space.

Boom makes operations even sweeter with AI that handles 80% of guest messaging automatically. Owner statements are fully automated too.

I created this for SWEETSTAY: https://avivgranot.github.io/boom-partners/SWEETSTAY-x-Boom/

Would love to explore how we can add some sweetness to your operations.

Best regards"
"mySTAYINN",186,"https://avivgranot.github.io/boom-partners/mySTAYINN-x-Boom/","Hey! ðŸ‘‹ mySTAYINN with 186 listings - impressive! Make guest stays even better with Boom's AI (80% less messaging): https://avivgranot.github.io/boom-partners/mySTAYINN-x-Boom/","mySTAYINN + Boom: Enhance Your 186 Listings","Hi there,

mySTAYINN's 186-listing portfolio shows you know how to create great guest experiences at scale.

Boom enhances those experiences with AI that handles 80% of guest communications - faster responses, happier guests. Owner statements automate too.

Check out what we built for mySTAYINN: https://avivgranot.github.io/boom-partners/mySTAYINN-x-Boom/

Let's discuss how we can make every stay even better.

Best regards"
"StarHost Residences",235,"https://avivgranot.github.io/boom-partners/StarHostResidences-x-Boom/","Hi! ðŸ‘‹ StarHost Residences with 235 listings - stellar! Boom's AI cuts guest messaging 80%. See what we made: https://avivgranot.github.io/boom-partners/StarHostResidences-x-Boom/","StarHost Residences + Boom: Stellar Automation for 235 Listings","Hi there,

StarHost Residences' 235-listing portfolio is truly stellar - that's significant scale in property management.

Boom helps you shine even brighter with AI that handles 80% of guest communications. Owner statements are fully automated too.

I created this for StarHost: https://avivgranot.github.io/boom-partners/StarHostResidences-x-Boom/

Would love to explore how we can help your stellar operations scale further.

Best regards"
"Trident Holiday Homes",236,"https://avivgranot.github.io/boom-partners/TridentHolidayHomes-x-Boom/","Hey! ðŸ‘‹ Trident Holiday Homes with 236 listings across Ireland - amazing! Boom's AI cuts messaging 80%: https://avivgranot.github.io/boom-partners/TridentHolidayHomes-x-Boom/","Trident Holiday Homes + Boom: Automate Your 236 Properties","Hi there,

Trident Holiday Homes' 236 listings make you a major player in Irish holiday rentals - impressive!

Boom's AI-powered PMS handles 80% of guest communications and automates owner statements completely. Perfect for holiday home specialists.

Here's what we built for Trident: https://avivgranot.github.io/boom-partners/TridentHolidayHomes-x-Boom/

Let's discuss how we can support your Irish operations.

Best regards"
"Cohost Partners",238,"https://avivgranot.github.io/boom-partners/CohostPartners-x-Boom/","Hi! ðŸ‘‹ Cohost Partners managing 238 listings - let Boom be your tech cohost! AI cuts messaging 80%: https://avivgranot.github.io/boom-partners/CohostPartners-x-Boom/","Cohost Partners + Boom: Your Tech Partner for 238 Listings","Hi there,

Cohost Partners' 238 listings show you understand the power of partnership in property management.

Boom can be your technology partner - our AI handles 80% of guest messaging and automates owner statements. We help cohosting businesses scale.

Check out this page for Cohost Partners: https://avivgranot.github.io/boom-partners/CohostPartners-x-Boom/

Would love to explore a partnership that helps you grow.

Best regards"
"Phaedrus Living",249,"https://avivgranot.github.io/boom-partners/PhaedrusLiving-x-Boom/","Hey! ðŸ‘‹ Phaedrus Living with 249 listings - that's scale! Boom's AI cuts guest messaging 80%. See: https://avivgranot.github.io/boom-partners/PhaedrusLiving-x-Boom/","Phaedrus Living + Boom: Streamline Your 249 Listings","Hi there,

Phaedrus Living's 249-listing portfolio represents serious scale in the serviced accommodation industry.

Boom's AI-powered PMS is built for operators like you - handling 80% of guest communications and automating owner statements entirely.

I created this personalized page: https://avivgranot.github.io/boom-partners/PhaedrusLiving-x-Boom/

Let's discuss how we can help Phaedrus Living scale even further.

Best regards"
"Furnished Housing",270,"https://avivgranot.github.io/boom-partners/FurnishedHousing-x-Boom/","Hi! ðŸ‘‹ Furnished Housing with 270 listings needs furnished automation! Boom's AI cuts messaging 80%: https://avivgranot.github.io/boom-partners/FurnishedHousing-x-Boom/","Furnished Housing + Boom: Automate Your 270 Properties","Hi there,

Furnished Housing's 270-listing portfolio is impressive - you clearly know furnished rentals inside out.

Boom furnishes your operations with AI that handles 80% of guest communications. Owner statements are fully automated too.

Here's what we built for you: https://avivgranot.github.io/boom-partners/FurnishedHousing-x-Boom/

Would love to discuss how we can help at your scale.

Best regards"
"Serviced apartments",271,"https://avivgranot.github.io/boom-partners/Servicedapartments-x-Boom/","Hey! ðŸ‘‹ 271 serviced apartments deserves serviced automation! Boom's AI cuts guest messaging 80%. Check it: https://avivgranot.github.io/boom-partners/Servicedapartments-x-Boom/","Serviced Apartments + Boom: Premium Service for 271 Listings","Hi there,

Managing 271 serviced apartments requires operational excellence - and that's exactly what Boom delivers.

Our AI-powered PMS handles 80% of guest communications while maintaining service quality. Owner statements automate completely.

I put this together for your team: https://avivgranot.github.io/boom-partners/Servicedapartments-x-Boom/

Let's explore how we can elevate your serviced apartment operations.

Best regards"
"Concept Apartment",284,"https://avivgranot.github.io/boom-partners/ConceptApartment-x-Boom/","Hi! ðŸ‘‹ Concept Apartment's 284 listings need a smart concept! Boom's AI cuts messaging 80%: https://avivgranot.github.io/boom-partners/ConceptApartment-x-Boom/","Concept Apartment + Boom: A Smarter Concept for 284 Listings","Hi there,

Concept Apartment's 284-listing portfolio shows you've mastered the concept of scaling in property management.

Boom adds a new concept - AI that handles 80% of guest communications and automates owner statements. Growth without the growing pains.

Check out what we created: https://avivgranot.github.io/boom-partners/ConceptApartment-x-Boom/

Would love to introduce this concept to your team.

Best regards"
"Hauzify",292,"https://avivgranot.github.io/boom-partners/Hauzify-x-Boom/","Hey! ðŸ‘‹ Hauzify with 292 listings - you've hausified property management! Boom's AI cuts messaging 80%: https://avivgranot.github.io/boom-partners/Hauzify-x-Boom/","Hauzify + Boom: Supercharge Your 292 Listings","Hi there,

Hauzify's 292 listings show you've cracked the code on property management at scale.

Boom supercharges that with AI handling 80% of guest communications and fully automated owner statements. Let technology do the heavy lifting.

Here's a page for Hauzify: https://avivgranot.github.io/boom-partners/Hauzify-x-Boom/

Let's discuss how we can help you scale to 500+ listings.

Best regards"
"Pass The Property",314,"https://avivgranot.github.io/boom-partners/PassTheProperty-x-Boom/","Hi! ðŸ‘‹ Pass The Property with 314 listings - pass the admin to Boom's AI! Cuts messaging 80%: https://avivgranot.github.io/boom-partners/PassTheProperty-x-Boom/","Pass The Property + Boom: Pass the Admin to AI with 314 Listings","Hi there,

Pass The Property's 314 listings represent major scale - and likely major operational complexity.

Boom lets you pass the admin work to AI that handles 80% of guest messaging. Owner statements? Fully automated.

I created this for Pass The Property: https://avivgranot.github.io/boom-partners/PassTheProperty-x-Boom/

Let's discuss passing more work to automation.

Best regards"
"Residential Land",316,"https://avivgranot.github.io/boom-partners/ResidentialLand-x-Boom/","Hey! ðŸ‘‹ Residential Land managing 316 listings - impressive territory! Boom's AI cuts messaging 80%: https://avivgranot.github.io/boom-partners/ResidentialLand-x-Boom/","Residential Land + Boom: Automate Your 316 Properties","Hi there,

Residential Land's 316-listing portfolio covers impressive territory in the property management landscape.

Boom helps you manage that territory efficiently with AI that handles 80% of guest communications. Owner statements automate completely.

Check out what we built: https://avivgranot.github.io/boom-partners/ResidentialLand-x-Boom/

Would love to explore how we can help you expand your land.

Best regards"
"The Host Club Ltd",316,"https://avivgranot.github.io/boom-partners/TheHostClubLtd-x-Boom/","Hi! ðŸ‘‹ The Host Club's 316 listings deserve club-level automation! Boom's AI cuts messaging 80%: https://avivgranot.github.io/boom-partners/TheHostClubLtd-x-Boom/","The Host Club + Boom: VIP Automation for 316 Listings","Hi there,

The Host Club's 316 listings put you in an exclusive club of top-tier property managers.

Boom provides club-level technology with AI that handles 80% of guest communications. Owner statements are fully automated too.

Here's your VIP page: https://avivgranot.github.io/boom-partners/TheHostClubLtd-x-Boom/

Let's discuss how we can help The Host Club grow even more.

Best regards"
"Yoko Property",316,"https://avivgranot.github.io/boom-partners/YokoProperty-x-Boom/","Hey! ðŸ‘‹ Yoko Property's 316 listings show serious scale! Boom's AI cuts guest messaging 80%. See: https://avivgranot.github.io/boom-partners/YokoProperty-x-Boom/","Yoko Property + Boom: Scale Your 316 Listings Effortlessly","Hi there,

Yoko Property's 316-listing portfolio demonstrates exceptional growth in property management.

Boom supports that growth with AI that handles 80% of guest communications and automates owner statements. Scale without limits.

I created this for Yoko Property: https://avivgranot.github.io/boom-partners/YokoProperty-x-Boom/

Would love to explore how we can fuel your continued growth.

Best regards"
"ShortLet Express",321,"https://avivgranot.github.io/boom-partners/ShortLetExpress-x-Boom/","Hi! ðŸ‘‹ ShortLet Express with 321 listings - express your growth with Boom! AI cuts messaging 80%: https://avivgranot.github.io/boom-partners/ShortLetExpress-x-Boom/","ShortLet Express + Boom: Express Automation for 321 Listings","Hi there,

ShortLet Express's 321 listings show you've mastered the short-let market at serious scale.

Boom delivers express automation with AI that handles 80% of guest communications. Owner statements generate automatically too.

Here's what we built for ShortLet Express: https://avivgranot.github.io/boom-partners/ShortLetExpress-x-Boom/

Let's discuss accelerating your operations even further.

Best regards"
"Travelnest",321,"https://avivgranot.github.io/boom-partners/Travelnest-x-Boom/","Hey! ðŸ‘‹ Travelnest with 321 listings - nest your operations with Boom! AI cuts messaging 80%: https://avivgranot.github.io/boom-partners/Travelnest-x-Boom/","Travelnest + Boom: Feather Your Nest with 321 Listings","Hi there,

Travelnest's 321 listings show you've built something special in the travel accommodation space.

Boom helps feather your operational nest with AI that handles 80% of guest communications. Owner statements are fully automated.

Check out this page for Travelnest: https://avivgranot.github.io/boom-partners/Travelnest-x-Boom/

Would love to discuss how we can help your nest grow.

Best regards"
"Guesthoo",325,"https://avivgranot.github.io/boom-partners/Guesthoo-x-Boom/","Hi! ðŸ‘‹ Guesthoo with 325 listings - your guests will say 'woo hoo!' with Boom's AI (80% less wait): https://avivgranot.github.io/boom-partners/Guesthoo-x-Boom/","Guesthoo + Boom: Make 325 Listings Say Woo Hoo!","Hi there,

Guesthoo's 325-listing portfolio means you know what makes guests say 'woo hoo!'

Boom helps with faster response times - our AI handles 80% of guest messaging. Owner statements automate completely too.

I created this for Guesthoo: https://avivgranot.github.io/boom-partners/Guesthoo-x-Boom/

Let's discuss how we can make your guests even happier.

Best regards"
"Mind the Flat",333,"https://avivgranot.github.io/boom-partners/MindtheFlat-x-Boom/","Hey! ðŸ‘‹ Mind the Flat with 333 listings - mind your time with Boom! AI cuts guest messaging 80%: https://avivgranot.github.io/boom-partners/MindtheFlat-x-Boom/","Mind the Flat + Boom: Mind Your Time with 333 Listings","Hi there,

Mind the Flat's 333 listings show you've mastered the London flat market - impressive scale!

Boom helps you mind your time better with AI that handles 80% of guest communications. Owner statements are fully automated.

Here's what we built: https://avivgranot.github.io/boom-partners/MindtheFlat-x-Boom/

Would love to discuss how we can help Mind the Flat scale further.

Best regards"
"LuxuryCottages",372,"https://avivgranot.github.io/boom-partners/LuxuryCottages-x-Boom/","Hi! ðŸ‘‹ LuxuryCottages with 372 listings deserves luxury automation! Boom's AI cuts messaging 80%: https://avivgranot.github.io/boom-partners/LuxuryCottages-x-Boom/","LuxuryCottages + Boom: Luxury Automation for 372 Properties","Hi there,

LuxuryCottages' 372-listing portfolio represents exceptional scale in the premium cottage rental market.

Boom delivers luxury-grade automation with AI that handles 80% of guest communications while maintaining your premium touch. Owner statements are fully automated.

Check out what we created for LuxuryCottages: https://avivgranot.github.io/boom-partners/LuxuryCottages-x-Boom/

Let's discuss how we can support your luxury operations.

Best regards"
